{"stats":{"minecraft:killed":{"luminousworld:miner_zombie":1,"alexsmobs:lobster":1,"minecraft:pig":2,"undead_revamp2:the_moonflower":1,"earthmobsmod:skeleton_wolf":1,"minecraft:cod":4,"minecraft:skeleton":1,"friendsandfoes:glare":1,"luminousworld:dark_oak_skeleton":2,"born_in_chaos_v1:corpse_fly":2,"born_in_chaos_v1:corpse_fish":1,"mowziesmobs:naga":1},"minecraft:dropped":{"minecraft:dried_kelp":28},"minecraft:custom":{"minecraft:interact_with_furnace":44,"minecraft:mob_kills":20,"minecraft:interact_with_crafting_table":15,"minecraft:leave_game":1,"minecraft:time_since_death":6714,"minecraft:climb_one_cm":509,"minecraft:time_since_rest":5928,"minecraft:sprint_one_cm":196136,"minecraft:damage_taken":1833,"minecraft:walk_one_cm":111197,"minecraft:drop":1,"minecraft:damage_dealt":4193,"minecraft:swim_one_cm":67882,"minecraft:fly_one_cm":80450,"minecraft:open_chest":7,"minecraft:crouch_one_cm":26,"minecraft:play_time":65645,"tombstone:undead_killed":6,"minecraft:deaths":4,"minecraft:sneak_time":216,"minecraft:walk_under_water_one_cm":29106,"minecraft:jump":726,"minecraft:walk_on_water_one_cm":27287,"minecraft:total_world_time":65645,"minecraft:fall_one_cm":12057},"minecraft:used":{"minecraft:stone_sword":72,"minecraft:stone_pickaxe":279,"minecraft:dried_kelp":48,"minecraft:wooden_pickaxe":59,"minecraft:iron_sword":19,"minecraft:cooked_salmon":1,"minecraft:rotten_flesh":3,"minecraft:stick":2,"minecraft:torch":43,"minecraft:crafting_table":1,"born_in_chaos_v1:corpse_maggot":2,"minecraft:dark_oak_planks":2,"minecraft:iron_pickaxe":94,"minecraft:stone_axe":58,"quark:dark_oak_chest":5,"minecraft:cobblestone":75,"minecraft:furnace":1,"minecraft:cooked_porkchop":4,"tombstone:gift":2},"minecraft:picked_up":{"minecraft:birch_log":5,"luminousworld:groundpebbles_1":1,"born_in_chaos_v1:corpse_maggot":2,"minecraft:clay_ball":2,"minecraft:salmon":1,"minecraft:andesite":23,"quark:dark_oak_chest":1,"minecraft:string":2,"minecraft:moss_carpet":9,"minecraft:bone":3,"minecraft:kelp":154,"minecraft:wheat_seeds":2,"minecraft:azalea":2,"minecraft:moss_block":19,"minecraft:flowering_azalea":1,"minecraft:stick":2,"minecraft:raw_iron":13,"minecraft:cooked_porkchop":4,"minecraft:torch":6,"minecraft:porkchop":5,"minecraft:diorite":3,"minecraft:dark_oak_log":44,"minecraft:dark_oak_planks":2,"minecraft:arrow":1,"minecraft:rotten_flesh":8,"minecraft:chainmail_leggings":1,"minecraft:granite":16,"supplementaries:ash":1,"undead_revamp2:arapholia":1,"minecraft:coal":63,"minecraft:cod":2,"minecraft:rail":1,"minecraft:cobblestone":267},"minecraft:killed_by":{"mowziesmobs:naga":1,"born_in_chaos_v1:corpse_fly":1},"minecraft:mined":{"luminousworld:groundpebbles_1":1,"minecraft:kelp_plant":19,"quark:dark_oak_chest":1,"minecraft:dark_oak_log":47,"minecraft:torch":1,"minecraft:granite":19,"minecraft:tall_grass":1,"minecraft:cobblestone":7,"minecraft:moss_block":12,"minecraft:kelp":6,"minecraft:diorite":3,"minecraft:wall_torch":3,"minecraft:seagrass":1,"minecraft:iron_ore":13,"minecraft:birch_log":5,"minecraft:andesite":22,"minecraft:grass":2,"supplementaries:stick":1,"minecraft:coal_ore":63,"minecraft:cobweb":2,"minecraft:azalea":2,"minecraft:stone":269,"minecraft:oak_leaves":1,"minecraft:dark_oak_planks":2},"minecraft:crafted":{"minecraft:cooked_cod":2,"minecraft:crafting_table":1,"minecraft:dried_kelp":123,"minecraft:wooden_pickaxe":1,"minecraft:iron_sword":1,"minecraft:furnace":1,"minecraft:cooked_salmon":1,"minecraft:birch_planks":20,"minecraft:stone_axe":1,"minecraft:air":0,"quark:dark_oak_chest":4,"minecraft:stick":88,"born_in_chaos_v1:fried_maggot":2,"minecraft:iron_ingot":13,"minecraft:iron_pickaxe":1,"minecraft:stone_pickaxe":2,"minecraft:stone_sword":2,"minecraft:dried_kelp_block":1,"minecraft:torch":68,"minecraft:dark_oak_planks":32},"minecraft:broken":{"minecraft:stone_pickaxe":2,"minecraft:wooden_pickaxe":1}},"DataVersion":3465}