{"stats":{"minecraft:broken":{"minecraft:stone_pickaxe":1},"minecraft:killed_by":{"born_in_chaos_v1:corpse_fly":1},"minecraft:used":{"born_in_chaos_v1:corpse_maggot":2,"minecraft:stone_sword":42,"minecraft:stone_pickaxe":131,"minecraft:wooden_pickaxe":41,"minecraft:cooked_salmon":1,"minecraft:rotten_flesh":3,"minecraft:stone_axe":52,"minecraft:torch":14,"minecraft:cobblestone":6,"minecraft:crafting_table":1,"minecraft:cooked_porkchop":4},"minecraft:crafted":{"minecraft:crafting_table":1,"minecraft:stick":88,"minecraft:wooden_pickaxe":1,"minecraft:stone_pickaxe":2,"minecraft:stone_sword":2,"minecraft:cooked_salmon":1,"minecraft:dark_oak_planks":32,"minecraft:torch":68,"minecraft:birch_planks":20,"minecraft:stone_axe":1},"minecraft:picked_up":{"minecraft:birch_log":5,"born_in_chaos_v1:corpse_maggot":2,"minecraft:cooked_porkchop":4,"minecraft:salmon":1,"minecraft:torch":3,"minecraft:porkchop":5,"minecraft:dark_oak_log":44,"minecraft:bone":3,"minecraft:rotten_flesh":6,"supplementaries:ash":1,"minecraft:coal":51,"minecraft:cobblestone":120},"minecraft:custom":{"minecraft:time_since_rest":6820,"minecraft:interact_with_furnace":4,"minecraft:sprint_one_cm":69565,"minecraft:damage_taken":805,"minecraft:walk_one_cm":49308,"minecraft:mob_kills":10,"minecraft:damage_dealt":2159,"minecraft:swim_one_cm":26100,"minecraft:interact_with_crafting_table":5,"minecraft:fly_one_cm":27357,"minecraft:play_time":28739,"tombstone:undead_killed":3,"minecraft:deaths":1,"minecraft:sneak_time":40,"minecraft:walk_under_water_one_cm":5648,"minecraft:jump":223,"minecraft:walk_on_water_one_cm":2145,"minecraft:time_since_death":8254,"minecraft:total_world_time":28739,"minecraft:fall_one_cm":3773},"minecraft:killed":{"alexsmobs:lobster":1,"minecraft:pig":2,"luminousworld:dark_oak_skeleton":2,"born_in_chaos_v1:corpse_fly":2,"earthmobsmod:skeleton_wolf":1,"born_in_chaos_v1:corpse_fish":1},"minecraft:mined":{"minecraft:birch_log":5,"minecraft:dark_oak_log":47,"minecraft:grass":1,"minecraft:coal_ore":50,"minecraft:stone":118,"minecraft:oak_leaves":1,"minecraft:wall_torch":2}},"DataVersion":3465}