{"stats":{"minecraft:killed":{"alexsmobs:lobster":1,"minecraft:pig":2,"earthmobsmod:skeleton_wolf":1,"minecraft:cod":4,"luminousworld:dark_oak_skeleton":2,"born_in_chaos_v1:corpse_fly":2,"born_in_chaos_v1:corpse_fish":1,"mowziesmobs:naga":1},"minecraft:custom":{"minecraft:interact_with_furnace":25,"minecraft:mob_kills":15,"minecraft:interact_with_crafting_table":10,"minecraft:time_since_death":2299,"minecraft:climb_one_cm":18,"minecraft:time_since_rest":1728,"minecraft:sprint_one_cm":123624,"minecraft:damage_taken":1380,"minecraft:walk_one_cm":67523,"minecraft:damage_dealt":2588,"minecraft:swim_one_cm":65233,"minecraft:fly_one_cm":60702,"minecraft:crouch_one_cm":26,"minecraft:play_time":45572,"tombstone:undead_killed":3,"minecraft:deaths":3,"minecraft:sneak_time":204,"minecraft:walk_under_water_one_cm":23850,"minecraft:jump":404,"minecraft:walk_on_water_one_cm":19975,"minecraft:total_world_time":45572,"minecraft:fall_one_cm":8149},"minecraft:used":{"minecraft:stone_sword":59,"minecraft:stone_pickaxe":262,"minecraft:dried_kelp":3,"minecraft:wooden_pickaxe":41,"minecraft:cooked_salmon":1,"minecraft:rotten_flesh":3,"minecraft:torch":18,"minecraft:crafting_table":1,"born_in_chaos_v1:corpse_maggot":2,"minecraft:dark_oak_planks":1,"minecraft:stone_axe":53,"minecraft:cobblestone":32,"minecraft:furnace":1,"minecraft:cooked_porkchop":4,"tombstone:gift":2},"minecraft:picked_up":{"minecraft:birch_log":5,"luminousworld:groundpebbles_1":1,"born_in_chaos_v1:corpse_maggot":2,"minecraft:salmon":1,"minecraft:andesite":11,"minecraft:moss_carpet":6,"minecraft:bone":3,"minecraft:kelp":154,"minecraft:wheat_seeds":1,"minecraft:moss_block":9,"minecraft:flowering_azalea":1,"minecraft:cooked_porkchop":4,"minecraft:torch":3,"minecraft:porkchop":5,"minecraft:dark_oak_log":44,"minecraft:dark_oak_planks":1,"minecraft:rotten_flesh":6,"minecraft:granite":3,"supplementaries:ash":1,"minecraft:coal":55,"minecraft:cod":2,"minecraft:cobblestone":195},"minecraft:killed_by":{"mowziesmobs:naga":1,"born_in_chaos_v1:corpse_fly":1},"minecraft:mined":{"luminousworld:groundpebbles_1":1,"minecraft:kelp_plant":19,"minecraft:dark_oak_log":47,"minecraft:granite":5,"minecraft:cobblestone":6,"minecraft:moss_block":11,"minecraft:kelp":6,"minecraft:wall_torch":2,"minecraft:seagrass":1,"minecraft:birch_log":5,"minecraft:andesite":11,"minecraft:grass":1,"minecraft:coal_ore":54,"minecraft:stone":195,"minecraft:oak_leaves":1,"minecraft:dark_oak_planks":1},"minecraft:crafted":{"minecraft:cooked_cod":2,"minecraft:crafting_table":1,"minecraft:dried_kelp":33,"minecraft:wooden_pickaxe":1,"minecraft:furnace":1,"minecraft:cooked_salmon":1,"minecraft:birch_planks":20,"minecraft:stone_axe":1,"minecraft:air":0,"minecraft:stick":88,"born_in_chaos_v1:fried_maggot":2,"minecraft:stone_pickaxe":2,"minecraft:stone_sword":2,"minecraft:dried_kelp_block":1,"minecraft:torch":68,"minecraft:dark_oak_planks":32},"minecraft:broken":{"minecraft:stone_pickaxe":1}},"DataVersion":3465}