{"stats":{"minecraft:used":{"minecraft:stone_axe":20,"minecraft:crafting_table":1,"minecraft:wooden_pickaxe":31},"minecraft:picked_up":{"minecraft:birch_log":5,"minecraft:dark_oak_log":18,"minecraft:coal":6,"minecraft:cobblestone":24},"minecraft:crafted":{"minecraft:stone_sword":1,"minecraft:birch_planks":20,"minecraft:stone_axe":1,"minecraft:crafting_table":1,"minecraft:stick":24,"minecraft:wooden_pickaxe":1,"minecraft:stone_pickaxe":1},"minecraft:custom":{"minecraft:time_since_rest":4739,"minecraft:play_time":4739,"minecraft:sprint_one_cm":13327,"minecraft:walk_one_cm":8509,"minecraft:jump":30,"minecraft:damage_dealt":30,"minecraft:time_since_death":4739,"minecraft:walk_on_water_one_cm":69,"minecraft:total_world_time":4739,"minecraft:fall_one_cm":418,"minecraft:interact_with_crafting_table":2,"minecraft:fly_one_cm":3418},"minecraft:mined":{"minecraft:grass":1,"minecraft:coal_ore":6,"minecraft:birch_log":5,"minecraft:dark_oak_log":20,"minecraft:stone":25}},"DataVersion":3465}