{"stats":{"minecraft:used":{"minecraft:stone_axe":52,"minecraft:torch":3,"minecraft:stone_sword":12,"minecraft:crafting_table":1,"minecraft:cooked_porkchop":1,"minecraft:stone_pickaxe":57,"minecraft:wooden_pickaxe":31},"minecraft:picked_up":{"minecraft:birch_log":5,"minecraft:bone":1,"minecraft:cooked_porkchop":2,"minecraft:rotten_flesh":6,"minecraft:porkchop":5,"minecraft:dark_oak_log":44,"minecraft:coal":49,"minecraft:cobblestone":38},"minecraft:crafted":{"minecraft:stone_sword":1,"minecraft:torch":68,"minecraft:dark_oak_planks":32,"minecraft:birch_planks":20,"minecraft:stone_axe":1,"minecraft:crafting_table":1,"minecraft:stick":88,"minecraft:wooden_pickaxe":1,"minecraft:stone_pickaxe":1},"minecraft:custom":{"minecraft:time_since_rest":16739,"minecraft:play_time":16739,"minecraft:sprint_one_cm":38116,"minecraft:damage_taken":120,"minecraft:walk_one_cm":24802,"minecraft:mob_kills":2,"minecraft:jump":88,"minecraft:damage_dealt":776,"minecraft:time_since_death":16739,"minecraft:walk_on_water_one_cm":69,"minecraft:total_world_time":16739,"minecraft:fall_one_cm":1465,"minecraft:interact_with_crafting_table":2,"minecraft:fly_one_cm":12308},"minecraft:killed":{"minecraft:pig":2},"minecraft:mined":{"minecraft:grass":1,"minecraft:coal_ore":48,"minecraft:birch_log":5,"minecraft:dark_oak_log":47,"minecraft:stone":40,"minecraft:oak_leaves":1}},"DataVersion":3465}