{"stats":{"minecraft:broken":{"minecraft:stone_pickaxe":7,"minecraft:stone_axe":1,"minecraft:iron_pickaxe":1},"minecraft:picked_up":{"luminousworld:groundpebbles_1":2,"born_in_chaos_v1:corpse_maggot":3,"minecraft:magma_block":2,"minecraft:crafting_table":1,"minecraft:clay_ball":92,"minecraft:andesite":121,"minecraft:flint":1,"minecraft:tuff":4,"minecraft:oak_log":4,"minecraft:lapis_lazuli":33,"minecraft:dirt":2,"minecraft:string":2,"minecraft:raw_copper":27,"minecraft:bone":2,"minecraft:kelp":2,"minecraft:cobbled_deepslate":226,"minecraft:moss_block":6,"minecraft:furnace":1,"minecraft:dark_oak_sapling":1,"minecraft:stick":4,"minecraft:raw_iron":18,"minecraft:cooked_porkchop":3,"minecraft:torch":21,"minecraft:gravel":7,"minecraft:porkchop":4,"minecraft:dried_kelp":28,"minecraft:dark_oak_log":61,"minecraft:dark_oak_planks":64,"minecraft:arrow":2,"minecraft:rotten_flesh":5,"minecraft:chainmail_leggings":1,"minecraft:granite":93,"supplementaries:ash":10,"minecraft:oak_sapling":1,"born_in_chaos_v1:fused_bone":1,"minecraft:glow_berries":2,"minecraft:coal":61,"alexsmobs:flying_fish":5,"alexsmobs:lobster_tail":1,"minecraft:cobblestone":753},"minecraft:used":{"minecraft:moss_block":5,"minecraft:stone_sword":18,"minecraft:stone_pickaxe":1046,"minecraft:dried_kelp":50,"minecraft:wooden_pickaxe":31,"born_in_chaos_v1:fried_maggot":1,"minecraft:torch":45,"minecraft:glow_berries":4,"minecraft:crafting_table":2,"alexsmobs:flying_fish":5,"minecraft:wooden_axe":5,"minecraft:dark_oak_planks":5,"alexsmobs:lobster_tail":1,"minecraft:dark_oak_log":1,"minecraft:iron_pickaxe":254,"minecraft:stone_axe":117,"minecraft:cobblestone":16,"minecraft:furnace":2,"minecraft:cooked_cod":2,"minecraft:oak_sapling":1,"minecraft:cooked_porkchop":5,"minecraft:andesite":12,"tombstone:gift":2,"alexsmobs:animal_dictionary":2},"minecraft:dropped":{"minecraft:cooked_porkchop":7,"luminousworld:groundpebbles_1":1},"minecraft:crafted":{"minecraft:oak_planks":16,"minecraft:cooked_porkchop":9,"minecraft:crafting_table":1,"minecraft:dried_kelp":40,"minecraft:wooden_pickaxe":1,"minecraft:furnace":1,"minecraft:stone_axe":1,"minecraft:air":0,"born_in_chaos_v1:fried_maggot":1,"minecraft:stick":52,"minecraft:iron_ingot":15,"minecraft:iron_pickaxe":3,"minecraft:stone_pickaxe":9,"minecraft:wooden_axe":1,"minecraft:torch":88,"minecraft:dark_oak_planks":144},"minecraft:killed":{"alexsmobs:lobster":2,"minecraft:pig":2,"undead_revamp2:the_moonflower":1,"born_in_chaos_v1:siamese_skeletonsright":1,"born_in_chaos_v1:decrepit_skeleton":1,"minecraft:skeleton":1,"born_in_chaos_v1:zombie_fisherman":1,"minecraft:zombie":1,"born_in_chaos_v1:corpse_fly":4,"alexsmobs:flying_fish":5,"born_in_chaos_v1:siamese_skeletonsleft":1},"minecraft:mined":{"luminousworld:groundpebbles_1":1,"minecraft:tuff":4,"minecraft:dark_oak_leaves":5,"minecraft:kelp_plant":28,"minecraft:dark_oak_log":59,"minecraft:clay":23,"minecraft:crafting_table":1,"minecraft:torch":5,"minecraft:cave_vines_plant":1,"minecraft:granite":92,"minecraft:grass_block":1,"minecraft:copper_ore":9,"minecraft:cobblestone":7,"minecraft:moss_block":3,"minecraft:kelp":1,"minecraft:wall_torch":12,"supplementaries:urn":2,"minecraft:magma_block":2,"minecraft:furnace":1,"minecraft:iron_ore":14,"minecraft:andesite":122,"minecraft:birch_leaves":1,"minecraft:deepslate_lapis_ore":5,"minecraft:oak_log":4,"minecraft:coal_ore":62,"minecraft:cave_vines":1,"minecraft:deepslate_iron_ore":4,"minecraft:gravel":8,"minecraft:dirt":1,"minecraft:stone":737,"minecraft:oak_leaves":4,"minecraft:deepslate":226,"minecraft:dark_oak_planks":5},"minecraft:killed_by":{"mowziesmobs:naga":1,"undead_revamp2:thespitter":1},"minecraft:custom":{"minecraft:interact_with_furnace":56,"minecraft:mob_kills":20,"minecraft:interact_with_crafting_table":22,"minecraft:leave_game":1,"minecraft:time_since_death":57140,"minecraft:climb_one_cm":916,"minecraft:time_since_rest":55496,"minecraft:sprint_one_cm":260319,"minecraft:damage_taken":2119,"minecraft:walk_one_cm":391777,"minecraft:drop":8,"minecraft:damage_dealt":2274,"minecraft:swim_one_cm":61908,"minecraft:fly_one_cm":215712,"minecraft:open_chest":50,"minecraft:crouch_one_cm":7808,"minecraft:play_time":119804,"tombstone:undead_killed":7,"minecraft:deaths":4,"minecraft:sneak_time":2195,"minecraft:walk_under_water_one_cm":16100,"minecraft:jump":2296,"minecraft:walk_on_water_one_cm":28625,"minecraft:total_world_time":119804,"minecraft:fall_one_cm":32022}},"DataVersion":3465}