{"stats":{"minecraft:picked_up":{"minecraft:magma_block":2,"born_in_chaos_v1:corpse_maggot":3,"luminousworld:groundpebbles_1":2,"minecraft:crafting_table":1,"minecraft:clay_ball":96,"minecraft:andesite":137,"minecraft:flint":1,"minecraft:tuff":22,"minecraft:oak_log":4,"quark:dark_oak_chest":2,"minecraft:dirt":5,"minecraft:lapis_lazuli":54,"minecraft:string":2,"minecraft:raw_copper":41,"minecraft:bone":2,"minecraft:kelp":364,"minecraft:cobbled_deepslate":605,"minecraft:moss_block":6,"minecraft:furnace":2,"minecraft:dark_oak_sapling":1,"minecraft:raw_iron":29,"minecraft:stick":4,"minecraft:cooked_porkchop":3,"minecraft:torch":29,"minecraft:gravel":21,"minecraft:porkchop":4,"minecraft:dried_kelp":28,"minecraft:redstone":20,"minecraft:dark_oak_log":125,"minecraft:dark_oak_planks":64,"minecraft:arrow":2,"minecraft:rotten_flesh":5,"minecraft:chainmail_leggings":1,"minecraft:granite":164,"supplementaries:ash":10,"minecraft:oak_sapling":1,"minecraft:glow_berries":2,"minecraft:coal":72,"alexsmobs:lobster_tail":1,"alexsmobs:flying_fish":5,"minecraft:cobblestone":992,"born_in_chaos_v1:fused_bone":1},"minecraft:dropped":{"minecraft:cooked_porkchop":7,"luminousworld:groundpebbles_1":1},"minecraft:mined":{"minecraft:deepslate_redstone_ore":4,"luminousworld:groundpebbles_1":1,"minecraft:tuff":22,"minecraft:dark_oak_leaves":9,"minecraft:kelp_plant":84,"minecraft:dark_oak_log":123,"minecraft:clay":24,"minecraft:crafting_table":1,"minecraft:torch":8,"minecraft:cave_vines_plant":1,"minecraft:granite":163,"minecraft:grass_block":2,"minecraft:copper_ore":13,"minecraft:cobblestone":16,"minecraft:lapis_ore":4,"minecraft:moss_block":3,"minecraft:kelp":7,"minecraft:wall_torch":16,"supplementaries:urn":2,"minecraft:tall_seagrass":2,"minecraft:magma_block":2,"minecraft:furnace":1,"minecraft:iron_ore":23,"minecraft:birch_leaves":1,"minecraft:andesite":138,"minecraft:deepslate_lapis_ore":5,"minecraft:oak_log":4,"minecraft:coal_ore":72,"minecraft:cave_vines":1,"minecraft:deepslate_iron_ore":6,"minecraft:gravel":18,"minecraft:dirt":3,"minecraft:stone":958,"minecraft:oak_leaves":4,"minecraft:deepslate":541,"minecraft:dark_oak_planks":5},"minecraft:killed_by":{"mowziesmobs:naga":1,"born_in_chaos_v1:fallen_chaos_knight":1,"undead_revamp2:theheavy":1,"undead_revamp2:thespitter":1,"enemyexpansion:invisicreeper":1},"minecraft:killed":{"alexsmobs:lobster":2,"minecraft:pig":2,"undead_revamp2:the_moonflower":1,"born_in_chaos_v1:siamese_skeletonsright":1,"born_in_chaos_v1:decrepit_skeleton":1,"minecraft:skeleton":1,"born_in_chaos_v1:zombie_fisherman":1,"minecraft:zombie":1,"born_in_chaos_v1:corpse_fly":4,"alexsmobs:flying_fish":5,"born_in_chaos_v1:siamese_skeletonsleft":1},"minecraft:crafted":{"minecraft:oak_planks":16,"minecraft:cooked_porkchop":9,"minecraft:crafting_table":3,"minecraft:dried_kelp":122,"minecraft:wooden_pickaxe":1,"minecraft:iron_helmet":1,"minecraft:furnace":1,"minecraft:copper_ingot":14,"minecraft:stone_axe":5,"minecraft:air":0,"minecraft:leather":1,"minecraft:shield":1,"minecraft:stick":84,"born_in_chaos_v1:fried_maggot":1,"minecraft:iron_ingot":26,"minecraft:iron_pickaxe":5,"minecraft:stone_pickaxe":12,"minecraft:wooden_axe":2,"minecraft:torch":132,"minecraft:dark_oak_planks":200},"minecraft:used":{"minecraft:moss_block":5,"minecraft:stone_sword":18,"minecraft:stone_pickaxe":1228,"minecraft:dried_kelp":68,"minecraft:wooden_pickaxe":31,"born_in_chaos_v1:fried_maggot":1,"minecraft:torch":124,"minecraft:glow_berries":4,"minecraft:dirt":1,"minecraft:crafting_table":4,"minecraft:dark_oak_planks":5,"alexsmobs:flying_fish":5,"minecraft:wooden_axe":64,"alexsmobs:lobster_tail":1,"minecraft:dark_oak_log":1,"minecraft:iron_pickaxe":774,"minecraft:gravel":5,"minecraft:stone_axe":118,"quark:dark_oak_chest":2,"minecraft:cobblestone":46,"minecraft:cooked_cod":2,"minecraft:oak_sapling":1,"minecraft:furnace":3,"minecraft:cooked_porkchop":5,"minecraft:andesite":15,"tombstone:gift":3,"alexsmobs:animal_dictionary":2},"minecraft:custom":{"minecraft:interact_with_furnace":87,"minecraft:mob_kills":20,"minecraft:interact_with_crafting_table":40,"minecraft:leave_game":2,"minecraft:time_since_death":17336,"minecraft:climb_one_cm":1021,"minecraft:time_since_rest":16696,"minecraft:sprint_one_cm":347094,"minecraft:damage_taken":3080,"minecraft:walk_one_cm":593964,"minecraft:drop":8,"minecraft:damage_dealt":2355,"minecraft:swim_one_cm":120228,"minecraft:fly_one_cm":300801,"minecraft:open_chest":90,"minecraft:crouch_one_cm":10155,"minecraft:play_time":183191,"tombstone:undead_killed":7,"minecraft:deaths":8,"minecraft:sneak_time":2924,"minecraft:walk_under_water_one_cm":23466,"minecraft:jump":3397,"minecraft:walk_on_water_one_cm":42156,"minecraft:total_world_time":183191,"minecraft:fall_one_cm":44682},"minecraft:broken":{"minecraft:stone_pickaxe":9,"minecraft:stone_axe":1,"minecraft:iron_pickaxe":3,"minecraft:wooden_axe":1}},"DataVersion":3465}