{"stats":{"minecraft:broken":{"minecraft:stone_pickaxe":7,"minecraft:stone_axe":1,"minecraft:iron_pickaxe":1},"minecraft:picked_up":{"luminousworld:groundpebbles_1":2,"born_in_chaos_v1:corpse_maggot":2,"minecraft:crafting_table":1,"minecraft:clay_ball":92,"minecraft:andesite":115,"minecraft:flint":1,"minecraft:tuff":4,"minecraft:oak_log":4,"minecraft:lapis_lazuli":33,"minecraft:dirt":2,"minecraft:string":2,"minecraft:raw_copper":27,"minecraft:bone":2,"minecraft:kelp":2,"minecraft:cobbled_deepslate":226,"minecraft:moss_block":6,"minecraft:furnace":1,"minecraft:stick":2,"minecraft:raw_iron":15,"minecraft:cooked_porkchop":3,"minecraft:torch":18,"minecraft:gravel":5,"minecraft:porkchop":4,"minecraft:dried_kelp":28,"minecraft:dark_oak_log":61,"minecraft:dark_oak_planks":64,"minecraft:arrow":2,"minecraft:rotten_flesh":4,"minecraft:granite":93,"supplementaries:ash":10,"minecraft:oak_sapling":1,"minecraft:glow_berries":2,"minecraft:coal":47,"alexsmobs:flying_fish":5,"alexsmobs:lobster_tail":1,"minecraft:cobblestone":663},"minecraft:used":{"minecraft:moss_block":5,"minecraft:stone_sword":12,"minecraft:stone_pickaxe":920,"minecraft:dried_kelp":46,"minecraft:wooden_pickaxe":31,"minecraft:torch":16,"minecraft:glow_berries":4,"minecraft:crafting_table":2,"alexsmobs:flying_fish":5,"minecraft:wooden_axe":5,"minecraft:dark_oak_planks":5,"alexsmobs:lobster_tail":1,"minecraft:dark_oak_log":1,"minecraft:iron_pickaxe":250,"minecraft:stone_axe":117,"minecraft:cobblestone":11,"minecraft:furnace":2,"minecraft:cooked_cod":2,"minecraft:oak_sapling":1,"minecraft:cooked_porkchop":5,"minecraft:andesite":6,"tombstone:gift":2,"alexsmobs:animal_dictionary":2},"minecraft:dropped":{"minecraft:cooked_porkchop":7,"luminousworld:groundpebbles_1":1},"minecraft:crafted":{"minecraft:oak_planks":16,"minecraft:cooked_porkchop":9,"minecraft:crafting_table":1,"minecraft:dried_kelp":40,"minecraft:wooden_pickaxe":1,"minecraft:furnace":1,"minecraft:stone_axe":1,"minecraft:air":0,"minecraft:stick":28,"minecraft:iron_ingot":3,"minecraft:iron_pickaxe":1,"minecraft:stone_pickaxe":7,"minecraft:wooden_axe":1,"minecraft:dark_oak_planks":144},"minecraft:killed":{"alexsmobs:lobster":2,"minecraft:pig":2,"undead_revamp2:the_moonflower":1,"born_in_chaos_v1:siamese_skeletonsright":1,"born_in_chaos_v1:decrepit_skeleton":1,"minecraft:skeleton":1,"born_in_chaos_v1:zombie_fisherman":1,"born_in_chaos_v1:corpse_fly":3,"alexsmobs:flying_fish":5},"minecraft:mined":{"luminousworld:groundpebbles_1":1,"minecraft:tuff":4,"minecraft:kelp_plant":28,"minecraft:dark_oak_log":59,"minecraft:clay":23,"minecraft:crafting_table":1,"minecraft:torch":5,"minecraft:cave_vines_plant":1,"minecraft:granite":92,"minecraft:grass_block":1,"minecraft:copper_ore":9,"minecraft:cobblestone":3,"minecraft:moss_block":3,"minecraft:kelp":1,"minecraft:wall_torch":10,"supplementaries:urn":2,"minecraft:furnace":1,"minecraft:iron_ore":11,"minecraft:andesite":116,"minecraft:birch_leaves":1,"minecraft:deepslate_lapis_ore":5,"minecraft:oak_log":4,"minecraft:coal_ore":47,"minecraft:cave_vines":1,"minecraft:deepslate_iron_ore":4,"minecraft:gravel":6,"minecraft:dirt":1,"minecraft:stone":651,"minecraft:oak_leaves":4,"minecraft:deepslate":226,"minecraft:dark_oak_planks":5},"minecraft:killed_by":{"mowziesmobs:naga":1,"undead_revamp2:thespitter":1},"minecraft:custom":{"minecraft:interact_with_furnace":40,"minecraft:mob_kills":17,"minecraft:interact_with_crafting_table":16,"minecraft:leave_game":1,"minecraft:time_since_death":45140,"minecraft:climb_one_cm":916,"minecraft:time_since_rest":43496,"minecraft:sprint_one_cm":235803,"minecraft:damage_taken":2043,"minecraft:walk_one_cm":337159,"minecraft:drop":8,"minecraft:damage_dealt":1943,"minecraft:swim_one_cm":61908,"minecraft:fly_one_cm":201362,"minecraft:open_chest":32,"minecraft:crouch_one_cm":6827,"minecraft:play_time":107804,"tombstone:undead_killed":5,"minecraft:deaths":4,"minecraft:sneak_time":1971,"minecraft:walk_under_water_one_cm":15690,"minecraft:jump":2039,"minecraft:walk_on_water_one_cm":24594,"minecraft:total_world_time":107804,"minecraft:fall_one_cm":30737}},"DataVersion":3465}