{"stats":{"minecraft:killed":{"alexsmobs:lobster":2,"minecraft:pig":2,"undead_revamp2:the_moonflower":1,"born_in_chaos_v1:decrepit_skeleton":1,"minecraft:skeleton":1,"born_in_chaos_v1:zombie_fisherman":1,"born_in_chaos_v1:corpse_fly":3,"alexsmobs:flying_fish":5},"minecraft:dropped":{"minecraft:cooked_porkchop":7,"luminousworld:groundpebbles_1":1},"minecraft:custom":{"minecraft:interact_with_furnace":27,"minecraft:mob_kills":16,"minecraft:interact_with_crafting_table":7,"minecraft:time_since_death":3807,"minecraft:climb_one_cm":602,"minecraft:time_since_rest":2650,"minecraft:sprint_one_cm":163292,"minecraft:damage_taken":1513,"minecraft:walk_one_cm":191737,"minecraft:drop":8,"minecraft:damage_dealt":1556,"minecraft:swim_one_cm":61908,"minecraft:fly_one_cm":141976,"minecraft:crouch_one_cm":3649,"minecraft:play_time":57960,"tombstone:undead_killed":4,"minecraft:deaths":3,"minecraft:sneak_time":1123,"minecraft:walk_under_water_one_cm":14699,"minecraft:jump":1340,"minecraft:walk_on_water_one_cm":18184,"minecraft:total_world_time":57960,"minecraft:fall_one_cm":25114},"minecraft:used":{"minecraft:moss_block":5,"minecraft:stone_pickaxe":132,"minecraft:dried_kelp":14,"minecraft:wooden_pickaxe":31,"minecraft:torch":12,"minecraft:glow_berries":4,"minecraft:crafting_table":2,"alexsmobs:flying_fish":5,"minecraft:wooden_axe":5,"minecraft:dark_oak_planks":5,"alexsmobs:lobster_tail":1,"minecraft:dark_oak_log":1,"minecraft:stone_axe":117,"minecraft:oak_sapling":1,"minecraft:furnace":2,"minecraft:cooked_porkchop":5,"tombstone:gift":2,"alexsmobs:animal_dictionary":2},"minecraft:picked_up":{"luminousworld:groundpebbles_1":2,"born_in_chaos_v1:corpse_maggot":2,"minecraft:crafting_table":1,"minecraft:andesite":4,"minecraft:oak_log":4,"minecraft:string":2,"minecraft:dirt":1,"minecraft:raw_copper":4,"minecraft:bone":2,"minecraft:kelp":2,"minecraft:moss_block":6,"minecraft:furnace":1,"minecraft:stick":2,"minecraft:cooked_porkchop":3,"minecraft:torch":13,"minecraft:porkchop":4,"minecraft:dried_kelp":28,"minecraft:dark_oak_log":56,"minecraft:dark_oak_planks":62,"minecraft:arrow":2,"minecraft:rotten_flesh":4,"minecraft:granite":15,"minecraft:oak_sapling":1,"minecraft:glow_berries":2,"minecraft:coal":21,"alexsmobs:flying_fish":5,"alexsmobs:lobster_tail":1,"minecraft:cobblestone":124},"minecraft:killed_by":{"mowziesmobs:naga":1},"minecraft:mined":{"luminousworld:groundpebbles_1":1,"minecraft:kelp_plant":28,"minecraft:dark_oak_log":54,"minecraft:crafting_table":1,"minecraft:torch":4,"minecraft:cave_vines_plant":1,"minecraft:granite":14,"minecraft:grass_block":1,"minecraft:copper_ore":1,"minecraft:cobblestone":2,"minecraft:moss_block":3,"minecraft:kelp":1,"minecraft:wall_torch":6,"minecraft:furnace":1,"minecraft:andesite":4,"minecraft:birch_leaves":1,"minecraft:cave_vines":1,"minecraft:oak_log":4,"minecraft:coal_ore":21,"minecraft:stone":115,"minecraft:oak_leaves":4,"minecraft:dark_oak_planks":3},"minecraft:crafted":{"minecraft:oak_planks":16,"minecraft:cooked_porkchop":9,"minecraft:crafting_table":1,"minecraft:dried_kelp":22,"minecraft:wooden_pickaxe":1,"minecraft:furnace":1,"minecraft:stone_axe":1,"minecraft:air":0,"minecraft:stick":8,"minecraft:stone_pickaxe":1,"minecraft:wooden_axe":1,"minecraft:dark_oak_planks":124},"minecraft:broken":{"minecraft:stone_pickaxe":1,"minecraft:stone_axe":1}},"DataVersion":3465}