{"stats":{"minecraft:used":{"minecraft:dark_oak_planks":5,"minecraft:wooden_axe":5,"minecraft:stone_pickaxe":68,"minecraft:wooden_pickaxe":12,"minecraft:stone_axe":77,"minecraft:torch":2,"minecraft:crafting_table":2,"minecraft:oak_sapling":1,"minecraft:furnace":2,"minecraft:cooked_porkchop":5,"alexsmobs:animal_dictionary":1},"minecraft:crafted":{"minecraft:oak_planks":16,"minecraft:cooked_porkchop":9,"minecraft:crafting_table":1,"minecraft:stick":8,"minecraft:wooden_pickaxe":1,"minecraft:stone_pickaxe":1,"minecraft:wooden_axe":1,"minecraft:furnace":1,"minecraft:dark_oak_planks":124,"minecraft:stone_axe":1,"minecraft:air":0},"minecraft:picked_up":{"luminousworld:groundpebbles_1":1,"born_in_chaos_v1:corpse_maggot":2,"minecraft:stick":2,"minecraft:crafting_table":1,"minecraft:cooked_porkchop":3,"minecraft:torch":4,"minecraft:porkchop":4,"minecraft:oak_log":4,"minecraft:dirt":1,"minecraft:dark_oak_log":56,"minecraft:string":2,"minecraft:dark_oak_planks":62,"minecraft:raw_copper":4,"minecraft:rotten_flesh":3,"minecraft:kelp":2,"minecraft:oak_sapling":1,"alexsmobs:flying_fish":1,"minecraft:coal":11,"alexsmobs:lobster_tail":1,"minecraft:cobblestone":63,"minecraft:furnace":1},"minecraft:dropped":{"luminousworld:groundpebbles_1":1,"minecraft:cooked_porkchop":7},"minecraft:custom":{"minecraft:time_since_rest":462,"minecraft:interact_with_furnace":12,"minecraft:sprint_one_cm":76233,"minecraft:damage_taken":565,"minecraft:walk_one_cm":109479,"minecraft:mob_kills":11,"minecraft:drop":8,"minecraft:damage_dealt":706,"minecraft:swim_one_cm":19760,"minecraft:interact_with_crafting_table":6,"minecraft:fly_one_cm":83392,"minecraft:deaths":1,"minecraft:crouch_one_cm":1179,"minecraft:play_time":28740,"tombstone:undead_killed":3,"minecraft:sneak_time":407,"minecraft:walk_under_water_one_cm":4014,"minecraft:jump":662,"minecraft:walk_on_water_one_cm":3445,"minecraft:time_since_death":1266,"minecraft:total_world_time":28740,"minecraft:fall_one_cm":12855},"minecraft:killed":{"born_in_chaos_v1:zombie_fisherman":1,"alexsmobs:lobster":2,"minecraft:pig":2,"born_in_chaos_v1:corpse_fly":3,"undead_revamp2:the_moonflower":1,"alexsmobs:flying_fish":1,"born_in_chaos_v1:decrepit_skeleton":1},"minecraft:mined":{"minecraft:dark_oak_planks":3,"luminousworld:groundpebbles_1":1,"minecraft:furnace":1,"minecraft:kelp_plant":1,"minecraft:dark_oak_log":54,"minecraft:birch_leaves":1,"minecraft:crafting_table":1,"minecraft:grass_block":1,"minecraft:oak_log":4,"minecraft:coal_ore":12,"minecraft:copper_ore":1,"minecraft:cobblestone":2,"minecraft:stone":63,"minecraft:kelp":1,"minecraft:oak_leaves":4,"minecraft:wall_torch":1}},"DataVersion":3465}