{"stats":{"minecraft:mined":{"luminousworld:groundpebbles_1":1,"minecraft:tuff":22,"minecraft:dark_oak_leaves":5,"minecraft:kelp_plant":28,"minecraft:dark_oak_log":61,"minecraft:clay":24,"minecraft:crafting_table":1,"minecraft:torch":8,"minecraft:cave_vines_plant":1,"minecraft:granite":163,"minecraft:grass_block":1,"minecraft:copper_ore":13,"minecraft:cobblestone":13,"minecraft:lapis_ore":4,"minecraft:moss_block":3,"minecraft:kelp":1,"minecraft:wall_torch":15,"supplementaries:urn":2,"minecraft:magma_block":2,"minecraft:furnace":1,"minecraft:iron_ore":23,"minecraft:birch_leaves":1,"minecraft:andesite":130,"minecraft:deepslate_lapis_ore":5,"minecraft:oak_log":4,"minecraft:coal_ore":72,"minecraft:cave_vines":1,"minecraft:deepslate_iron_ore":4,"minecraft:gravel":18,"minecraft:dirt":3,"minecraft:stone":900,"minecraft:oak_leaves":4,"minecraft:deepslate":493,"minecraft:dark_oak_planks":5},"minecraft:broken":{"minecraft:stone_pickaxe":9,"minecraft:stone_axe":1,"minecraft:iron_pickaxe":2},"minecraft:dropped":{"minecraft:cooked_porkchop":7,"luminousworld:groundpebbles_1":1},"minecraft:picked_up":{"luminousworld:groundpebbles_1":2,"born_in_chaos_v1:corpse_maggot":3,"minecraft:magma_block":2,"minecraft:crafting_table":1,"minecraft:clay_ball":96,"minecraft:andesite":129,"minecraft:flint":1,"minecraft:tuff":22,"minecraft:oak_log":4,"quark:dark_oak_chest":2,"minecraft:lapis_lazuli":54,"minecraft:dirt":4,"minecraft:string":2,"minecraft:raw_copper":41,"minecraft:bone":2,"minecraft:kelp":2,"minecraft:cobbled_deepslate":556,"minecraft:moss_block":6,"minecraft:furnace":2,"minecraft:dark_oak_sapling":1,"minecraft:raw_iron":27,"minecraft:stick":4,"minecraft:cooked_porkchop":3,"minecraft:torch":27,"minecraft:gravel":21,"minecraft:porkchop":4,"minecraft:dried_kelp":28,"minecraft:dark_oak_log":63,"minecraft:dark_oak_planks":64,"minecraft:arrow":2,"minecraft:rotten_flesh":5,"minecraft:chainmail_leggings":1,"minecraft:granite":164,"supplementaries:ash":10,"minecraft:oak_sapling":1,"minecraft:glow_berries":2,"minecraft:cobblestone":935,"minecraft:coal":72,"alexsmobs:lobster_tail":1,"alexsmobs:flying_fish":5,"born_in_chaos_v1:fused_bone":1},"minecraft:used":{"minecraft:moss_block":5,"minecraft:stone_sword":18,"minecraft:stone_pickaxe":1183,"minecraft:dried_kelp":50,"minecraft:wooden_pickaxe":31,"born_in_chaos_v1:fried_maggot":1,"minecraft:torch":78,"minecraft:glow_berries":4,"minecraft:crafting_table":3,"alexsmobs:flying_fish":5,"minecraft:dark_oak_planks":5,"minecraft:wooden_axe":5,"alexsmobs:lobster_tail":1,"minecraft:dark_oak_log":1,"minecraft:iron_pickaxe":696,"minecraft:gravel":5,"minecraft:stone_axe":117,"quark:dark_oak_chest":2,"minecraft:cobblestone":21,"minecraft:cooked_cod":2,"minecraft:oak_sapling":1,"minecraft:furnace":3,"minecraft:cooked_porkchop":5,"minecraft:andesite":13,"tombstone:gift":2,"alexsmobs:animal_dictionary":2},"minecraft:killed":{"alexsmobs:lobster":2,"minecraft:pig":2,"undead_revamp2:the_moonflower":1,"born_in_chaos_v1:siamese_skeletonsright":1,"born_in_chaos_v1:decrepit_skeleton":1,"minecraft:skeleton":1,"born_in_chaos_v1:zombie_fisherman":1,"minecraft:zombie":1,"born_in_chaos_v1:corpse_fly":4,"alexsmobs:flying_fish":5,"born_in_chaos_v1:siamese_skeletonsleft":1},"minecraft:crafted":{"minecraft:oak_planks":16,"minecraft:cooked_porkchop":9,"minecraft:crafting_table":2,"minecraft:dried_kelp":40,"minecraft:wooden_pickaxe":1,"minecraft:furnace":1,"minecraft:stone_axe":5,"minecraft:air":0,"minecraft:stick":60,"born_in_chaos_v1:fried_maggot":1,"minecraft:iron_ingot":15,"minecraft:iron_pickaxe":3,"minecraft:stone_pickaxe":9,"minecraft:wooden_axe":1,"minecraft:torch":88,"minecraft:dark_oak_planks":152},"minecraft:killed_by":{"mowziesmobs:naga":1,"undead_revamp2:thespitter":1,"enemyexpansion:invisicreeper":1},"minecraft:custom":{"minecraft:interact_with_furnace":58,"minecraft:mob_kills":20,"minecraft:interact_with_crafting_table":25,"minecraft:leave_game":1,"minecraft:time_since_death":20589,"minecraft:climb_one_cm":916,"minecraft:time_since_rest":19291,"minecraft:sprint_one_cm":275719,"minecraft:damage_taken":2276,"minecraft:walk_one_cm":479140,"minecraft:drop":8,"minecraft:damage_dealt":2283,"minecraft:swim_one_cm":70878,"minecraft:fly_one_cm":228030,"minecraft:open_chest":58,"minecraft:crouch_one_cm":8074,"minecraft:play_time":147675,"tombstone:undead_killed":7,"minecraft:deaths":5,"minecraft:sneak_time":2306,"minecraft:walk_under_water_one_cm":16863,"minecraft:jump":2658,"minecraft:walk_on_water_one_cm":33084,"minecraft:total_world_time":147675,"minecraft:fall_one_cm":33799}},"DataVersion":3465}