{"stats":{"minecraft:used":{"minecraft:wooden_axe":3,"minecraft:oak_sapling":1,"minecraft:wooden_pickaxe":12},"minecraft:crafted":{"minecraft:oak_planks":16,"minecraft:dark_oak_planks":12,"minecraft:stone_axe":1,"minecraft:stick":8,"minecraft:wooden_pickaxe":1,"minecraft:stone_pickaxe":1,"minecraft:wooden_axe":1},"minecraft:picked_up":{"minecraft:stick":2,"minecraft:oak_log":4,"minecraft:oak_sapling":1,"minecraft:dark_oak_log":3,"minecraft:cobblestone":13},"minecraft:custom":{"minecraft:time_since_rest":4740,"minecraft:play_time":4740,"minecraft:sprint_one_cm":9879,"minecraft:damage_taken":30,"minecraft:walk_one_cm":11774,"minecraft:jump":105,"minecraft:time_since_death":4740,"minecraft:total_world_time":4740,"minecraft:interact_with_crafting_table":5,"minecraft:fall_one_cm":2531,"minecraft:fly_one_cm":15323},"minecraft:mined":{"minecraft:oak_log":4,"minecraft:stone":12,"minecraft:dark_oak_log":3,"minecraft:oak_leaves":4}},"DataVersion":3465}