{"stats":{"minecraft:killed":{"alexsmobs:lobster":2,"minecraft:pig":2,"undead_revamp2:the_moonflower":1,"minecraft:spider":1,"born_in_chaos_v1:siamese_skeletonsright":1,"born_in_chaos_v1:decrepit_skeleton":1,"minecraft:skeleton":1,"friendsandfoes:glare":1,"born_in_chaos_v1:zombie_fisherman":1,"minecraft:zombie":1,"born_in_chaos_v1:corpse_fly":4,"alexsmobs:flying_fish":5,"born_in_chaos_v1:siamese_skeletonsleft":1},"minecraft:dropped":{"minecraft:cooked_porkchop":7,"luminousworld:groundpebbles_1":1,"minecraft:iron_ore":8,"minecraft:iron_pickaxe":1},"minecraft:custom":{"minecraft:interact_with_furnace":113,"minecraft:mob_kills":22,"minecraft:interact_with_crafting_table":61,"minecraft:leave_game":3,"minecraft:time_since_death":94173,"minecraft:climb_one_cm":1470,"minecraft:time_since_rest":93533,"minecraft:sprint_one_cm":397017,"minecraft:damage_taken":3090,"minecraft:walk_one_cm":897937,"minecraft:drop":10,"minecraft:damage_dealt":2757,"minecraft:swim_one_cm":126799,"minecraft:fly_one_cm":321124,"minecraft:open_chest":136,"minecraft:play_time":260028,"minecraft:crouch_one_cm":11311,"tombstone:undead_killed":7,"minecraft:deaths":8,"minecraft:sneak_time":3729,"minecraft:walk_under_water_one_cm":29976,"minecraft:jump":4019,"minecraft:walk_on_water_one_cm":64723,"minecraft:total_world_time":260028,"minecraft:fall_one_cm":48040},"minecraft:used":{"minecraft:moss_block":5,"minecraft:diorite":13,"minecraft:stone_sword":18,"minecraft:bundle":1,"minecraft:stone_pickaxe":2083,"minecraft:dried_kelp":84,"minecraft:wooden_pickaxe":31,"born_in_chaos_v1:fried_maggot":1,"minecraft:torch":171,"minecraft:glow_berries":4,"minecraft:dirt":1,"minecraft:crafting_table":4,"minecraft:dark_oak_planks":5,"alexsmobs:flying_fish":5,"minecraft:wooden_axe":64,"alexsmobs:lobster_tail":1,"minecraft:dark_oak_log":1,"minecraft:iron_pickaxe":1750,"minecraft:gravel":5,"minecraft:stone_axe":118,"quark:dark_oak_chest":4,"minecraft:cobblestone":82,"minecraft:cooked_cod":2,"minecraft:oak_sapling":1,"minecraft:furnace":3,"minecraft:cooked_porkchop":5,"minecraft:andesite":15,"tombstone:gift":3,"alexsmobs:animal_dictionary":2,"minecraft:iron_leggings":1},"minecraft:picked_up":{"born_in_chaos_v1:corpse_maggot":3,"luminousworld:groundpebbles_1":2,"minecraft:magma_block":2,"minecraft:crafting_table":1,"minecraft:clay_ball":104,"minecraft:andesite":175,"minecraft:flint":1,"minecraft:tuff":22,"minecraft:oak_log":4,"quark:dark_oak_chest":2,"minecraft:string":3,"minecraft:lapis_lazuli":54,"minecraft:dirt":5,"minecraft:raw_copper":41,"minecraft:bone":2,"minecraft:kelp":364,"minecraft:cobbled_deepslate":605,"minecraft:iron_ore":8,"minecraft:iron_pickaxe":1,"minecraft:moss_block":6,"minecraft:furnace":2,"minecraft:dark_oak_sapling":1,"minecraft:raw_iron":51,"minecraft:stick":4,"minecraft:cooked_porkchop":3,"minecraft:torch":35,"minecraft:gravel":22,"minecraft:porkchop":4,"minecraft:dried_kelp":28,"minecraft:diorite":1641,"minecraft:redstone":20,"minecraft:dark_oak_log":125,"minecraft:dark_oak_planks":64,"minecraft:bundle":1,"minecraft:arrow":2,"minecraft:rotten_flesh":5,"minecraft:chainmail_leggings":1,"minecraft:granite":164,"supplementaries:ash":10,"minecraft:oak_sapling":1,"minecraft:glow_berries":4,"minecraft:rail":6,"minecraft:coal":72,"alexsmobs:lobster_tail":1,"alexsmobs:flying_fish":5,"minecraft:cobblestone":1097,"born_in_chaos_v1:fused_bone":1},"minecraft:killed_by":{"mowziesmobs:naga":1,"born_in_chaos_v1:fallen_chaos_knight":1,"undead_revamp2:theheavy":1,"undead_revamp2:thespitter":1,"enemyexpansion:invisicreeper":1},"minecraft:mined":{"minecraft:deepslate_redstone_ore":4,"luminousworld:groundpebbles_1":1,"minecraft:tuff":22,"minecraft:dark_oak_leaves":9,"minecraft:kelp_plant":84,"minecraft:dark_oak_log":123,"minecraft:clay":26,"minecraft:crafting_table":1,"minecraft:torch":8,"minecraft:cave_vines_plant":1,"minecraft:granite":163,"minecraft:grass_block":2,"minecraft:copper_ore":13,"minecraft:cobblestone":31,"minecraft:lapis_ore":4,"minecraft:moss_block":3,"minecraft:kelp":7,"minecraft:diorite":1651,"minecraft:wall_torch":16,"supplementaries:urn":2,"minecraft:tall_seagrass":2,"minecraft:magma_block":2,"minecraft:furnace":1,"minecraft:iron_ore":45,"minecraft:birch_leaves":1,"minecraft:andesite":176,"minecraft:deepslate_lapis_ore":5,"minecraft:coal_ore":72,"minecraft:oak_log":4,"minecraft:cave_vines":1,"minecraft:deepslate_iron_ore":6,"minecraft:gravel":19,"minecraft:dirt":3,"minecraft:stone":1045,"minecraft:oak_leaves":4,"minecraft:dark_oak_planks":5,"minecraft:deepslate":541},"minecraft:crafted":{"minecraft:oak_planks":16,"minecraft:cooked_porkchop":9,"minecraft:crafting_table":3,"minecraft:dried_kelp":128,"minecraft:wooden_pickaxe":1,"minecraft:iron_helmet":1,"minecraft:furnace":1,"minecraft:copper_ingot":14,"minecraft:stone_axe":5,"minecraft:air":0,"quark:dark_oak_chest":2,"minecraft:iron_boots":1,"minecraft:iron_chestplate":1,"minecraft:leather":1,"minecraft:charcoal":28,"minecraft:shield":1,"minecraft:iron_axe":1,"born_in_chaos_v1:fried_maggot":1,"minecraft:stick":136,"minecraft:iron_ingot":56,"minecraft:iron_pickaxe":8,"minecraft:stone_pickaxe":18,"minecraft:wooden_axe":2,"minecraft:iron_leggings":1,"minecraft:torch":180,"minecraft:dark_oak_planks":216},"minecraft:broken":{"minecraft:stone_pickaxe":15,"minecraft:stone_axe":1,"minecraft:iron_pickaxe":7,"minecraft:wooden_axe":1}},"DataVersion":3465}