{"stats":{"minecraft:used":{"minecraft:wooden_axe":5,"minecraft:stone_pickaxe":40,"minecraft:wooden_pickaxe":12,"minecraft:stone_axe":58,"minecraft:crafting_table":1,"minecraft:oak_sapling":1,"minecraft:furnace":1,"minecraft:cooked_porkchop":2},"minecraft:crafted":{"minecraft:oak_planks":16,"minecraft:cooked_porkchop":4,"minecraft:crafting_table":1,"minecraft:stick":8,"minecraft:wooden_pickaxe":1,"minecraft:stone_pickaxe":1,"minecraft:wooden_axe":1,"minecraft:furnace":1,"minecraft:dark_oak_planks":124,"minecraft:stone_axe":1},"minecraft:picked_up":{"minecraft:stick":2,"minecraft:crafting_table":1,"minecraft:porkchop":4,"minecraft:oak_log":4,"minecraft:dark_oak_log":56,"minecraft:dark_oak_planks":59,"minecraft:oak_sapling":1,"minecraft:coal":11,"minecraft:cobblestone":38,"minecraft:furnace":1},"minecraft:dropped":{"minecraft:cooked_porkchop":2},"minecraft:custom":{"minecraft:time_since_rest":16740,"minecraft:interact_with_furnace":3,"minecraft:sprint_one_cm":29671,"minecraft:damage_taken":130,"minecraft:walk_one_cm":53924,"minecraft:mob_kills":4,"minecraft:drop":2,"minecraft:damage_dealt":286,"minecraft:interact_with_crafting_table":6,"minecraft:fly_one_cm":47716,"minecraft:play_time":16740,"tombstone:undead_killed":2,"minecraft:sneak_time":11,"minecraft:jump":344,"minecraft:time_since_death":16740,"minecraft:total_world_time":16740,"minecraft:fall_one_cm":7102},"minecraft:killed":{"minecraft:pig":2,"undead_revamp2:the_moonflower":1,"born_in_chaos_v1:decrepit_skeleton":1},"minecraft:mined":{"minecraft:furnace":1,"minecraft:dark_oak_log":54,"minecraft:crafting_table":1,"minecraft:oak_log":4,"minecraft:coal_ore":12,"minecraft:stone":39,"minecraft:oak_leaves":4}},"DataVersion":3465}