{"stats":{"minecraft:broken":{"minecraft:stone_pickaxe":24,"minecraft:stone_axe":1,"minecraft:iron_pickaxe":8,"minecraft:wooden_axe":1},"minecraft:killed_by":{"mowziesmobs:naga":1,"born_in_chaos_v1:fallen_chaos_knight":1,"undead_revamp2:thespitter":1,"undead_revamp2:theheavy":1,"enemyexpansion:invisicreeper":1},"minecraft:used":{"minecraft:moss_block":5,"minecraft:stone_sword":18,"minecraft:dried_kelp":185,"minecraft:shield":1,"born_in_chaos_v1:fried_maggot":1,"minecraft:torch":224,"minecraft:dirt":5,"minecraft:dark_oak_planks":5,"minecraft:wooden_axe":64,"alexsmobs:lobster_tail":1,"minecraft:iron_axe":85,"minecraft:oak_sapling":1,"minecraft:furnace":3,"minecraft:cooked_cod":2,"tombstone:gift":5,"minecraft:iron_leggings":1,"minecraft:diorite":13,"minecraft:bundle":2,"minecraft:stone_pickaxe":3132,"minecraft:wooden_pickaxe":31,"minecraft:glow_berries":4,"minecraft:crafting_table":4,"alexsmobs:flying_fish":5,"minecraft:dark_oak_log":1,"minecraft:iron_pickaxe":2089,"minecraft:gravel":5,"minecraft:stone_axe":118,"quark:dark_oak_chest":8,"minecraft:cobblestone":130,"minecraft:cooked_porkchop":5,"minecraft:andesite":16,"alexsmobs:animal_dictionary":2},"minecraft:crafted":{"minecraft:oak_planks":16,"minecraft:furnace":1,"quark:dark_oak_chest":4,"minecraft:iron_boots":1,"minecraft:leather":5,"minecraft:iron_axe":1,"born_in_chaos_v1:fried_maggot":1,"minecraft:stone_pickaxe":24,"minecraft:dark_oak_planks":232,"minecraft:cooked_porkchop":9,"minecraft:crafting_table":3,"minecraft:dried_kelp":192,"minecraft:wooden_pickaxe":1,"minecraft:iron_helmet":1,"minecraft:copper_ingot":14,"minecraft:stone_axe":5,"minecraft:air":0,"minecraft:iron_chestplate":1,"minecraft:charcoal":28,"minecraft:shield":1,"minecraft:stick":136,"minecraft:iron_ingot":86,"minecraft:iron_pickaxe":9,"minecraft:wooden_axe":2,"minecraft:iron_leggings":1,"minecraft:torch":180},"minecraft:picked_up":{"luminousworld:groundpebbles_1":2,"minecraft:crafting_table":1,"minecraft:clay_ball":126,"minecraft:brown_mushroom":4,"quark:dark_oak_chest":4,"minecraft:string":3,"minecraft:raw_copper":41,"minecraft:cobbled_deepslate":605,"minecraft:wooden_shovel":1,"minecraft:iron_pickaxe":1,"minecraft:furnace":2,"minecraft:dark_oak_sapling":1,"minecraft:stick":4,"minecraft:raw_iron":80,"minecraft:big_dripleaf":2,"minecraft:torch":46,"minecraft:porkchop":4,"minecraft:dried_kelp":28,"tombstone:grave_dust":2,"minecraft:diorite":2665,"minecraft:redstone":20,"minecraft:dark_oak_planks":64,"minecraft:arrow":3,"minecraft:rotten_flesh":12,"minecraft:tropical_fish":7,"supplementaries:ash":10,"minecraft:glow_berries":4,"minecraft:rail":6,"alexsmobs:lobster_tail":1,"alexsmobs:flying_fish":5,"minecraft:cobblestone":1247,"born_in_chaos_v1:fused_bone":1,"born_in_chaos_v1:corpse_maggot":4,"minecraft:magma_block":2,"minecraft:andesite":229,"minecraft:salmon":1,"minecraft:flint":3,"minecraft:tuff":22,"minecraft:oak_log":4,"minecraft:horn_coral":1,"minecraft:lapis_lazuli":130,"minecraft:dirt":9,"minecraft:leather_boots":1,"minecraft:bone":4,"minecraft:kelp":364,"minecraft:wheat_seeds":2,"minecraft:raw_gold":1,"minecraft:iron_ore":23,"minecraft:moss_block":7,"minecraft:flowering_azalea":1,"minecraft:cooked_porkchop":3,"minecraft:gravel":46,"minecraft:dark_oak_log":125,"minecraft:bundle":2,"minecraft:chainmail_leggings":1,"minecraft:granite":166,"minecraft:rooted_dirt":4,"minecraft:oak_sapling":1,"tombstone:magic_scroll":1,"minecraft:coal":156},"minecraft:dropped":{"minecraft:cooked_porkchop":7,"minecraft:iron_pickaxe":1,"luminousworld:groundpebbles_1":1,"minecraft:iron_ore":23},"minecraft:custom":{"minecraft:mob_kills":47,"minecraft:interact_with_crafting_table":69,"minecraft:damage_dealt_resisted":188,"minecraft:leave_game":3,"minecraft:time_since_death":171527,"minecraft:climb_one_cm":5275,"minecraft:sprint_one_cm":485555,"minecraft:walk_one_cm":1214859,"minecraft:damage_blocked_by_shield":20,"minecraft:drop":11,"minecraft:talked_to_villager":1,"minecraft:play_time":337382,"minecraft:deaths":8,"minecraft:sneak_time":4645,"minecraft:walk_under_water_one_cm":51881,"minecraft:jump":5035,"minecraft:walk_on_water_one_cm":101665,"minecraft:total_world_time":337382,"minecraft:interact_with_furnace":131,"minecraft:time_since_rest":170887,"minecraft:damage_taken":3869,"minecraft:damage_dealt":7277,"minecraft:swim_one_cm":133952,"minecraft:fly_one_cm":370167,"minecraft:open_chest":180,"minecraft:crouch_one_cm":13591,"tombstone:undead_killed":21,"minecraft:fall_one_cm":59525},"minecraft:killed":{"enemyexpansion:trollenraged":1,"luminousworld:miner_zombie":2,"alexsmobs:lobster":2,"minecraft:spider":1,"enemyexpansion:direwolf":2,"born_in_chaos_v1:siamese_skeletonsright":1,"born_in_chaos_v1:maggot":2,"minecraft:skeleton":2,"friendsandfoes:glare":1,"minecraft:tropical_fish":6,"alexsmobs:flying_fish":5,"born_in_chaos_v1:barrel_zombie":1,"minecraft:pig":2,"undead_revamp2:the_moonflower":1,"enemyexpansion:sprinter":1,"born_in_chaos_v1:decrepit_skeleton":2,"born_in_chaos_v1:zombie_fisherman":1,"minecraft:zombie":2,"born_in_chaos_v1:corpse_fly":4,"luminousworld:dark_oak_zombie":7,"born_in_chaos_v1:siamese_skeletonsleft":1},"minecraft:mined":{"minecraft:dark_oak_planks":5,"luminousworld:groundpebbles_1":1,"minecraft:tuff":22,"minecraft:dark_oak_leaves":9,"minecraft:dark_oak_log":123,"minecraft:cave_vines_plant":2,"minecraft:granite":165,"minecraft:grass_block":2,"minecraft:kelp":7,"minecraft:moss_block":4,"minecraft:rooted_dirt":4,"minecraft:tall_seagrass":2,"minecraft:magma_block":2,"minecraft:furnace":1,"minecraft:iron_ore":76,"minecraft:andesite":231,"minecraft:deepslate_lapis_ore":5,"minecraft:cave_vines":1,"minecraft:deepslate_iron_ore":6,"minecraft:stone":1172,"minecraft:deepslate_redstone_ore":4,"minecraft:flowering_azalea":1,"minecraft:kelp_plant":84,"quark:dark_oak_chest":2,"minecraft:clay":26,"minecraft:crafting_table":1,"minecraft:torch":17,"minecraft:tall_grass":5,"minecraft:copper_ore":13,"minecraft:cobblestone":55,"minecraft:lapis_ore":17,"minecraft:diorite":2684,"minecraft:wall_torch":17,"supplementaries:urn":2,"minecraft:birch_leaves":1,"minecraft:grass":6,"minecraft:oak_log":4,"minecraft:coal_ore":156,"minecraft:gravel":30,"minecraft:dirt":7,"minecraft:gold_ore":1,"minecraft:oak_leaves":4,"minecraft:deepslate":541}},"DataVersion":3465}