{"stats":{"minecraft:picked_up":{"minecraft:wheat_seeds":2},"minecraft:custom":{"minecraft:time_since_rest":63,"minecraft:play_time":8140,"minecraft:sprint_one_cm":18602,"minecraft:walk_one_cm":5126,"minecraft:damage_taken":230,"minecraft:deaths":1,"minecraft:sneak_time":164,"minecraft:walk_under_water_one_cm":1678,"minecraft:drop":2,"minecraft:jump":146,"minecraft:damage_dealt":46,"minecraft:leave_game":1,"minecraft:time_since_death":32,"minecraft:walk_on_water_one_cm":3023,"minecraft:total_world_time":8140,"minecraft:climb_one_cm":2110,"minecraft:swim_one_cm":12391,"minecraft:fall_one_cm":5521,"minecraft:fly_one_cm":29935},"minecraft:mined":{"minecraft:grass":6,"minecraft:seagrass":3,"minecraft:tall_seagrass":5,"minecraft:jungle_leaves":1,"minecraft:oak_leaves":4},"minecraft:dropped":{"minecraft:wheat_seeds":2}},"DataVersion":3465}